<?xml version="1.0" encoding="UTF-8" ?>

<configuration>

  <appender name="A1" class="org.apache.log4j.ConsoleAppender">
    <layout class="org.apache.log4j.PatternLayout">
      <!--param name="ConversionPattern" value="%-5p [%d{ISO8601}] (%M [%C:%L]) - %n     %m%n"/-->
      <param name="ConversionPattern" value="%C{1}.%M(...):%L [%p] %n    %m%n"/>
    </layout> 

  </appender>

  <root>
    <priority value ="debug" />
    <appender-ref ref="A1" />
  </root>

  <category name="com.echiceros.system.pooling.Cache">
      <priority value="warn" />
  </category>
  
</configuration>

