<xml xmlns:o="urn:schemas-microsoft-com:office:office">
 <o:File HRef="v3_document.htm"/>
 <o:File HRef="preview.wmf"/>
 <o:File HRef="v3_next_active.gif"/>
 <o:File HRef="v3_next_disabled.gif"/>
 <o:File HRef="v3_prev_active.gif"/>
 <o:File HRef="v3_prev_disabled.gif"/>
 <o:File HRef="v3_outline_collapse.gif"/>
 <o:File HRef="v3_outline_expand.gif"/>
 <o:File HRef="v3_space.gif"/>
 <o:File HRef="v3_endshow.htm"/>
 <o:File HRef="v3_navigation_bar.htm"/>
 <o:File HRef="v3_outline_navigation_bar.htm"/>
 <o:File HRef="v3_outline_collapsed.htm"/>
 <o:File HRef="v3_outline_expanded.htm"/>
 <o:File HRef="v3_blank_notes.htm"/>
 <o:File HRef="master03.htm"/>
 <o:File HRef="master03.xml"/>
 <o:File HRef="pres.xml"/>
 <o:File HRef="v3_slide0001.htm"/>
 <o:File HRef="v3_slide0001_image001.gif"/>
 <o:File HRef="v3_slide0002.htm"/>
 <o:File HRef="v3_slide0002_image002.gif"/>
 <o:File HRef="v3_slide0003.htm"/>
 <o:File HRef="v3_slide0003_image003.gif"/>
 <o:File HRef="v3_slide0004.htm"/>
 <o:File HRef="v3_slide0004_image004.gif"/>
 <o:File HRef="v3_slide0005.htm"/>
 <o:File HRef="v3_slide0005_image005.gif"/>
 <o:File HRef="v3_slide0005_image006.gif"/>
 <o:File HRef="v3_slide0005_image007.gif"/>
 <o:File HRef="v3_slide0005_image008.gif"/>
 <o:File HRef="v3_slide0005_image009.gif"/>
 <o:File HRef="v3_slide0006.htm"/>
 <o:File HRef="v3_slide0006_image010.gif"/>
 <o:File HRef="v3_slide0006_image011.gif"/>
 <o:File HRef="v3_slide0006_image012.gif"/>
 <o:File HRef="v3_slide0006_image013.gif"/>
 <o:File HRef="v3_slide0006_image014.gif"/>
 <o:File HRef="v3_slide0007.htm"/>
 <o:File HRef="v3_slide0007_image015.gif"/>
 <o:File HRef="v3_slide0007_image016.gif"/>
 <o:File HRef="v3_slide0007_image017.gif"/>
 <o:File HRef="v3_slide0007_image018.gif"/>
 <o:File HRef="v3_slide0008.htm"/>
 <o:File HRef="v3_slide0008_image019.gif"/>
 <o:File HRef="v3_slide0008_image020.gif"/>
 <o:File HRef="v3_slide0008_image021.gif"/>
 <o:File HRef="v3_slide0008_image022.gif"/>
 <o:File HRef="v3_slide0008_image023.gif"/>
 <o:File HRef="v3_slide0009.htm"/>
 <o:File HRef="v3_slide0009_image024.gif"/>
 <o:File HRef="v3_slide0009_image025.gif"/>
 <o:File HRef="v3_slide0009_image026.gif"/>
 <o:File HRef="v3_slide0009_image027.gif"/>
 <o:File HRef="v3_slide0009_image028.gif"/>
 <o:File HRef="v3_slide0009_image029.gif"/>
 <o:File HRef="slide0001.htm"/>
 <o:File HRef="slide0001_image030.gif"/>
 <o:File HRef="slide0001_image031.gif"/>
 <o:File HRef="slide0001_image032.gif"/>
 <o:File HRef="slide0001_image033.gif"/>
 <o:File HRef="slide0001_image034.gif"/>
 <o:File HRef="slide0001_image035.gif"/>
 <o:File HRef="slide0002.htm"/>
 <o:File HRef="slide0002_image036.gif"/>
 <o:File HRef="slide0002_image037.gif"/>
 <o:File HRef="slide0002_image038.gif"/>
 <o:File HRef="slide0002_image039.gif"/>
 <o:File HRef="slide0002_image040.gif"/>
 <o:File HRef="slide0002_image041.gif"/>
 <o:File HRef="slide0002_image042.gif"/>
 <o:File HRef="slide0002_image043.gif"/>
 <o:File HRef="slide0003.htm"/>
 <o:File HRef="slide0003.xml"/>
 <o:File HRef="slide0003_image044.gif"/>
 <o:File HRef="slide0003_image045.gif"/>
 <o:File HRef="slide0003_image046.gif"/>
 <o:File HRef="slide0003_image047.gif"/>
 <o:File HRef="slide0003_image048.gif"/>
 <o:File HRef="slide0003_image049.gif"/>
 <o:File HRef="slide0003_image050.gif"/>
 <o:File HRef="slide0003_image051.gif"/>
 <o:File HRef="slide0004.htm"/>
 <o:File HRef="slide0004.xml"/>
 <o:File HRef="slide0004_image052.gif"/>
 <o:File HRef="slide0004_image053.gif"/>
 <o:File HRef="slide0004_image054.gif"/>
 <o:File HRef="slide0004_image055.gif"/>
 <o:File HRef="slide0004_image056.gif"/>
 <o:File HRef="slide0004_image057.gif"/>
 <o:File HRef="slide0004_image058.gif"/>
 <o:File HRef="slide0004_image059.gif"/>
 <o:File HRef="slide0005.htm"/>
 <o:File HRef="slide0005.xml"/>
 <o:File HRef="slide0005_image060.gif"/>
 <o:File HRef="slide0005_image061.gif"/>
 <o:File HRef="slide0005_image062.gif"/>
 <o:File HRef="slide0005_image063.gif"/>
 <o:File HRef="slide0005_image064.gif"/>
 <o:File HRef="slide0005_image065.gif"/>
 <o:File HRef="slide0005_image066.gif"/>
 <o:File HRef="slide0005_image067.gif"/>
 <o:File HRef="slide0005_image068.gif"/>
 <o:File HRef="slide0005_image069.gif"/>
 <o:File HRef="slide0005_image070.gif"/>
 <o:File HRef="slide0005_image071.gif"/>
 <o:File HRef="slide0005_image072.gif"/>
 <o:File HRef="slide0005_image073.gif"/>
 <o:File HRef="slide0005_image074.gif"/>
 <o:File HRef="slide0005_image075.gif"/>
 <o:File HRef="slide0005_image076.gif"/>
 <o:File HRef="slide0005_image077.gif"/>
 <o:File HRef="slide0006.htm"/>
 <o:File HRef="slide0006_image078.gif"/>
 <o:File HRef="slide0006_image079.gif"/>
 <o:File HRef="slide0006_image080.gif"/>
 <o:File HRef="slide0006_image081.gif"/>
 <o:File HRef="slide0006_image082.gif"/>
 <o:File HRef="slide0006_image083.gif"/>
 <o:File HRef="slide0006_image084.gif"/>
 <o:File HRef="slide0006_image085.gif"/>
 <o:File HRef="slide0006_image086.gif"/>
 <o:File HRef="slide0006_image087.gif"/>
 <o:File HRef="slide0006_image088.gif"/>
 <o:File HRef="slide0006_image089.gif"/>
 <o:File HRef="slide0007.htm"/>
 <o:File HRef="slide0007_image090.gif"/>
 <o:File HRef="slide0007_image091.gif"/>
 <o:File HRef="slide0007_image092.gif"/>
 <o:File HRef="slide0007_image093.gif"/>
 <o:File HRef="slide0007_image094.gif"/>
 <o:File HRef="slide0007_image095.gif"/>
 <o:File HRef="slide0007_image096.gif"/>
 <o:File HRef="slide0007_image097.gif"/>
 <o:File HRef="slide0007_image098.gif"/>
 <o:File HRef="slide0008.htm"/>
 <o:File HRef="slide0008_image099.gif"/>
 <o:File HRef="slide0008_image100.gif"/>
 <o:File HRef="slide0008_image101.gif"/>
 <o:File HRef="slide0008_image102.gif"/>
 <o:File HRef="slide0008_image103.gif"/>
 <o:File HRef="slide0008_image104.gif"/>
 <o:File HRef="slide0008_image105.gif"/>
 <o:File HRef="slide0008_image106.gif"/>
 <o:File HRef="slide0008_image107.gif"/>
 <o:File HRef="slide0008_image108.gif"/>
 <o:File HRef="slide0008_image109.gif"/>
 <o:File HRef="slide0009.htm"/>
 <o:File HRef="slide0009_image110.gif"/>
 <o:File HRef="slide0009_image111.gif"/>
 <o:File HRef="slide0009_image112.gif"/>
 <o:File HRef="slide0009_image113.gif"/>
 <o:File HRef="slide0009_image114.gif"/>
 <o:File HRef="slide0009_image115.gif"/>
 <o:File HRef="slide0009_image116.gif"/>
 <o:File HRef="slide0009_image117.gif"/>
 <o:File HRef="slide0009_image118.gif"/>
 <o:File HRef="slide0009_image119.gif"/>
 <o:File HRef="slide0009_image120.gif"/>
 <o:File HRef="slide0009_image121.gif"/>
 <o:File HRef="slide0009_image122.gif"/>
 <o:File HRef="master03_stylesheet.css"/>
 <o:MainFile HRef="../FirstMVC.htm"/>
 <o:File HRef="error.htm"/>
 <o:File HRef="fullscreen.htm"/>
 <o:File HRef="outline.htm"/>
 <o:File HRef="buttons.gif"/>
 <o:File HRef="frame.htm"/>
 <o:File HRef="script.js"/>
 <o:File HRef="filelist.xml"/>
</xml>