<xml xmlns:v="urn:schemas-microsoft-com:vml"
 xmlns:o="urn:schemas-microsoft-com:office:office"
 xmlns:p="urn:schemas-microsoft-com:office:powerpoint">
 <o:shapelayout v:ext="edit">
  <o:idmap v:ext="edit" data="6"/>
 </o:shapelayout><p:shaperange id="_x0000_s6147">
  <v:rect id="_x0000_s6147" style='position:absolute;left:49.375pt;top:124.5pt;
   width:71.75pt;height:28.375pt' fillcolor="#ffc" strokecolor="#903"
   strokeweight="0"/>
  <v:rect id="_x0000_s6148" style='position:absolute;left:53.875pt;top:127.5pt;
   width:84pt;height:14.375pt;mso-wrap-style:none' filled="f" stroked="f">
   <v:textbox style='mso-rotate-with-shape:t;mso-fit-shape-to-text:t' inset="0,0,0,0"/>
  </v:rect></p:shaperange>
 <p:shaperange id="_x0000_s6149">
  <v:line id="_x0000_s6149" style='position:absolute' from="85.25pt,162.625pt"
   to="85.375pt,414.625pt" strokeweight="0">
   <v:stroke dashstyle="3 1"/>
  </v:line><v:rect id="_x0000_s6150" style='position:absolute;left:81.5pt;
   top:169.25pt;width:7.5pt;height:28.375pt' strokecolor="#903" strokeweight="0"/>
  <v:rect id="_x0000_s6151" style='position:absolute;left:81.5pt;top:257.25pt;
   width:7.5pt;height:28.375pt' strokecolor="#903" strokeweight="0"/>
  <v:rect id="_x0000_s6152" style='position:absolute;left:81.5pt;top:306.5pt;
   width:7.5pt;height:62.625pt' strokecolor="#903" strokeweight="0"/>
 </p:shaperange>
 <p:shaperange id="_x0000_s6153">
  <v:rect id="_x0000_s6153" style='position:absolute;left:417.875pt;top:124.5pt;
   width:130.875pt;height:28.375pt' fillcolor="#ffc" strokecolor="#903"
   strokeweight="0"/>
  <v:rect id="_x0000_s6154" style='position:absolute;left:473.25pt;top:127.5pt;
   width:28.75pt;height:14.375pt;mso-wrap-style:none' filled="f" stroked="f">
   <v:textbox style='mso-rotate-with-shape:t;mso-fit-shape-to-text:t' inset="0,0,0,0"/>
  </v:rect><v:rect id="_x0000_s6155" style='position:absolute;left:426.125pt;
   top:138.75pt;width:153.125pt;height:14.375pt;mso-wrap-style:none' filled="f"
   stroked="f">
   <v:textbox style='mso-rotate-with-shape:t;mso-fit-shape-to-text:t' inset="0,0,0,0"/>
  </v:rect></p:shaperange>
 <p:shaperange id="_x0000_s6156">
  <v:line id="_x0000_s6156" style='position:absolute' from="483pt,162.625pt"
   to="483.125pt,414.625pt" strokeweight="0">
   <v:stroke dashstyle="3 1"/>
  </v:line><v:rect id="_x0000_s6157" style='position:absolute;left:479.25pt;
   top:226.75pt;width:7.5pt;height:14.125pt' strokecolor="#903" strokeweight="0"/>
 </p:shaperange>
 <p:shaperange id="_x0000_s6158">
  <v:rect id="_x0000_s6158" style='position:absolute;left:563.75pt;top:124.5pt;
   width:106.125pt;height:28.375pt' fillcolor="#ffc" strokecolor="#903"
   strokeweight="0"/>
  <v:rect id="_x0000_s6159" style='position:absolute;left:604.875pt;top:127.5pt;
   width:34.75pt;height:14.375pt;mso-wrap-style:none' filled="f" stroked="f">
   <v:textbox style='mso-rotate-with-shape:t;mso-fit-shape-to-text:t' inset="0,0,0,0"/>
  </v:rect><v:rect id="_x0000_s6160" style='position:absolute;left:571.125pt;
   top:138.75pt;width:124.5pt;height:14.375pt;mso-wrap-style:none' filled="f"
   stroked="f">
   <v:textbox style='mso-rotate-with-shape:t;mso-fit-shape-to-text:t' inset="0,0,0,0"/>
  </v:rect></p:shaperange>
 <p:shaperange id="_x0000_s6161">
  <v:line id="_x0000_s6161" style='position:absolute' from="616.75pt,162.625pt"
   to="616.875pt,414.625pt" strokeweight="0">
   <v:stroke dashstyle="3 1"/>
  </v:line><v:rect id="_x0000_s6162" style='position:absolute;left:613pt;top:306.5pt;
   width:7.5pt;height:14.125pt' strokecolor="#903" strokeweight="0"/>
 </p:shaperange>
 <p:shaperange id="_x0000_s6163">
  <v:rect id="_x0000_s6163" style='position:absolute;left:336.5pt;top:124.5pt;
   width:71.75pt;height:28.375pt' fillcolor="#ffc" strokecolor="#903"
   strokeweight="0"/>
  <v:rect id="_x0000_s6164" style='position:absolute;left:349.875pt;top:126.75pt;
   width:55.25pt;height:14.375pt;mso-wrap-style:none' filled="f" stroked="f">
   <v:textbox style='mso-rotate-with-shape:t;mso-fit-shape-to-text:t' inset="0,0,0,0"/>
  </v:rect><v:rect id="_x0000_s6165" style='position:absolute;left:352.125pt;
   top:138.75pt;width:49.25pt;height:14.375pt;mso-wrap-style:none' filled="f"
   stroked="f">
   <v:textbox style='mso-rotate-with-shape:t;mso-fit-shape-to-text:t' inset="0,0,0,0"/>
  </v:rect></p:shaperange>
 <p:shaperange id="_x0000_s6166">
  <v:line id="_x0000_s6166" style='position:absolute' from="372.375pt,162.625pt"
   to="372.5pt,414.625pt" strokeweight="0">
   <v:stroke dashstyle="3 1"/>
  </v:line></p:shaperange>
 <p:shaperange id="_x0000_s6167">
  <v:rect id="_x0000_s6167" style='position:absolute;left:260.25pt;top:124.5pt;
   width:71pt;height:28.375pt' fillcolor="#ffc" strokecolor="#903"
   strokeweight="0"/>
  <v:rect id="_x0000_s6168" style='position:absolute;left:271.375pt;top:126.75pt;
   width:59.25pt;height:14.375pt;mso-wrap-style:none' filled="f" stroked="f">
   <v:textbox style='mso-rotate-with-shape:t;mso-fit-shape-to-text:t' inset="0,0,0,0"/>
  </v:rect><v:rect id="_x0000_s6169" style='position:absolute;left:275.875pt;
   top:138.75pt;width:49.25pt;height:14.375pt;mso-wrap-style:none' filled="f"
   stroked="f">
   <v:textbox style='mso-rotate-with-shape:t;mso-fit-shape-to-text:t' inset="0,0,0,0"/>
  </v:rect></p:shaperange>
 <p:shaperange id="_x0000_s6170">
  <v:line id="_x0000_s6170" style='position:absolute' from="296.125pt,162.625pt"
   to="296.25pt,414.625pt" strokeweight="0">
   <v:stroke dashstyle="3 1"/>
  </v:line><v:rect id="_x0000_s6171" style='position:absolute;left:292.375pt;
   top:196.125pt;width:6.75pt;height:14.125pt' strokecolor="#903"
   strokeweight="0"/>
  <v:rect id="_x0000_s6172" style='position:absolute;left:292.375pt;top:257.25pt;
   width:6.75pt;height:14.125pt' strokecolor="#903" strokeweight="0"/>
 </p:shaperange>
 <p:shaperange id="_x0000_s6173">
  <v:rect id="_x0000_s6173" style='position:absolute;left:151.125pt;top:124.5pt;
   width:105.375pt;height:28.375pt' fillcolor="#ffc" strokecolor="#903"
   strokeweight="0"/>
  <v:rect id="_x0000_s6174" style='position:absolute;left:157.75pt;top:127.5pt;
   width:80.5pt;height:28.75pt;mso-wrap-style:none' filled="f" stroked="f">
   <v:textbox style='mso-rotate-with-shape:t;mso-fit-shape-to-text:t' inset="0,0,0,0"/>
  </v:rect></p:shaperange>
 <p:shaperange id="_x0000_s6175">
  <v:line id="_x0000_s6175" style='position:absolute' from="204.125pt,162.625pt"
   to="204.25pt,414.625pt" strokeweight="0">
   <v:stroke dashstyle="3 1"/>
  </v:line><v:rect id="_x0000_s6176" style='position:absolute;left:200.375pt;
   top:169.25pt;width:7.5pt;height:14.25pt' strokecolor="#903" strokeweight="0"/>
  <v:rect id="_x0000_s6177" style='position:absolute;left:200.375pt;top:340.75pt;
   width:7.5pt;height:14.25pt' strokecolor="#903" strokeweight="0"/>
 </p:shaperange>
 <p:shaperange id="_x0000_s6178">
  <v:line id="_x0000_s6178" style='position:absolute' from="89pt,169.25pt"
   to="200.375pt,169.375pt" strokecolor="#903" strokeweight="0"/>
  <v:line id="_x0000_s6179" style='position:absolute;flip:x' from="191.375pt,169.25pt"
   to="200.375pt,173pt" strokecolor="#903"/>
  <v:line id="_x0000_s6180" style='position:absolute;flip:x y' from="191.375pt,165.5pt"
   to="200.375pt,169.25pt" strokecolor="#903"/>
  <v:rect id="_x0000_s6181" style='position:absolute;left:124.125pt;top:156.625pt;
   width:33.25pt;height:14.375pt;mso-wrap-style:none' filled="f" stroked="f">
   <v:textbox style='mso-rotate-with-shape:t;mso-fit-shape-to-text:t' inset="0,0,0,0"/>
  </v:rect></p:shaperange>
 <p:shaperange id="_x0000_s6182">
  <v:line id="_x0000_s6182" style='position:absolute' from="89pt,196.125pt"
   to="291.625pt,196.25pt" strokecolor="#903" strokeweight="0"/>
  <v:line id="_x0000_s6183" style='position:absolute;flip:x' from="283.375pt,196.125pt"
   to="291.625pt,199.875pt" strokecolor="#903"/>
  <v:line id="_x0000_s6184" style='position:absolute;flip:x y' from="283.375pt,192.375pt"
   to="291.625pt,196.125pt" strokecolor="#903"/>
  <v:rect id="_x0000_s6185" style='position:absolute;left:121.125pt;top:183.5pt;
   width:29.875pt;height:14.375pt;mso-wrap-style:none' filled="f" stroked="f">
   <v:textbox style='mso-rotate-with-shape:t;mso-fit-shape-to-text:t' inset="0,0,0,0"/>
  </v:rect></p:shaperange>
 <p:shaperange id="_x0000_s6186">
  <v:line id="_x0000_s6186" style='position:absolute' from="89pt,257.25pt"
   to="291.625pt,257.375pt" strokecolor="#903" strokeweight="0"/>
  <v:line id="_x0000_s6187" style='position:absolute;flip:x' from="283.375pt,257.25pt"
   to="291.625pt,260.25pt" strokecolor="#903"/>
  <v:line id="_x0000_s6188" style='position:absolute;flip:x y' from="283.375pt,253.5pt"
   to="291.625pt,257.25pt" strokecolor="#903"/>
  <v:rect id="_x0000_s6189" style='position:absolute;left:113.625pt;top:244.625pt;
   width:122.25pt;height:14.375pt;mso-wrap-style:none' filled="f" stroked="f">
   <v:textbox style='mso-rotate-with-shape:t;mso-fit-shape-to-text:t' inset="0,0,0,0"/>
  </v:rect></p:shaperange>
 <p:shaperange id="_x0000_s6190">
  <v:line id="_x0000_s6190" style='position:absolute' from="89pt,226.75pt"
   to="479.25pt,226.875pt" strokecolor="#903" strokeweight="0"/>
  <v:line id="_x0000_s6191" style='position:absolute;flip:x' from="470.25pt,226.75pt"
   to="479.25pt,229.625pt" strokecolor="#903"/>
  <v:line id="_x0000_s6192" style='position:absolute;flip:x y' from="470.25pt,223pt"
   to="479.25pt,226.75pt" strokecolor="#903"/>
  <v:rect id="_x0000_s6193" style='position:absolute;left:377.625pt;top:210.25pt;
   width:118.25pt;height:14.375pt;mso-wrap-style:none' filled="f" stroked="f">
   <v:textbox style='mso-rotate-with-shape:t;mso-fit-shape-to-text:t' inset="0,0,0,0"/>
  </v:rect></p:shaperange>
 <p:shaperange id="_x0000_s6194">
  <v:line id="_x0000_s6194" style='position:absolute' from="89pt,306.5pt" to="613pt,306.625pt"
   strokecolor="#903" strokeweight="0"/>
  <v:line id="_x0000_s6195" style='position:absolute;flip:x' from="604.875pt,306.5pt"
   to="613pt,310.25pt" strokecolor="#903"/>
  <v:line id="_x0000_s6196" style='position:absolute;flip:x y' from="604.875pt,302.75pt"
   to="613pt,306.5pt" strokecolor="#903"/>
  <v:rect id="_x0000_s6197" style='position:absolute;left:380.5pt;top:293.75pt;
   width:114.25pt;height:14.375pt;mso-wrap-style:none' filled="f" stroked="f">
   <v:textbox style='mso-rotate-with-shape:t;mso-fit-shape-to-text:t' inset="0,0,0,0"/>
  </v:rect></p:shaperange>
 <p:shaperange id="_x0000_s6198">
  <v:line id="_x0000_s6198" style='position:absolute' from="89pt,340.75pt"
   to="200.375pt,340.875pt" strokecolor="#903" strokeweight="0"/>
  <v:line id="_x0000_s6199" style='position:absolute;flip:x' from="191.375pt,340.75pt"
   to="200.375pt,344.5pt" strokecolor="#903"/>
  <v:line id="_x0000_s6200" style='position:absolute;flip:x y' from="191.375pt,337pt"
   to="200.375pt,340.75pt" strokecolor="#903"/>
  <v:rect id="_x0000_s6201" style='position:absolute;left:89.75pt;top:324.375pt;
   width:136.75pt;height:14.375pt;mso-wrap-style:none' filled="f" stroked="f">
   <v:textbox style='mso-rotate-with-shape:t;mso-fit-shape-to-text:t' inset="0,0,0,0"/>
  </v:rect></p:shaperange>
</xml>