<xml xmlns:v="urn:schemas-microsoft-com:vml"
 xmlns:o="urn:schemas-microsoft-com:office:office"
 xmlns:p="urn:schemas-microsoft-com:office:powerpoint">
 <o:shapelayout v:ext="edit">
  <o:idmap v:ext="edit" data="4"/>
 </o:shapelayout><p:shaperange id="_x0000_s4098">
  <v:rect id="_x0000_s4098" style='position:absolute;left:282.25pt;top:345.75pt;
   width:148pt;height:35.875pt' filled="f" strokecolor="#903" strokeweight="0"/>
  <v:rect id="_x0000_s4099" style='position:absolute;left:287.5pt;top:349.5pt;
   width:157.375pt;height:16.75pt;mso-wrap-style:none' filled="f" stroked="f">
   <v:textbox style='mso-rotate-with-shape:t;mso-fit-shape-to-text:t' inset="0,0,0,0"/>
  </v:rect><v:rect id="_x0000_s4100" style='position:absolute;left:282.25pt;
   top:366.75pt;width:148pt;height:14.875pt' filled="f" strokecolor="#903"
   strokeweight="0"/>
  <v:rect id="_x0000_s4101" style='position:absolute;left:282.25pt;top:372.625pt;
   width:148pt;height:9pt' filled="f" strokecolor="#903" strokeweight="0"/>
  <v:rect id="_x0000_s4102" style='position:absolute;left:520.75pt;top:342pt;
   width:61.375pt;height:35.875pt' fillcolor="#ffc" strokecolor="#903"
   strokeweight="0"/>
  <v:rect id="_x0000_s4103" style='position:absolute;left:526.75pt;top:345.75pt;
   width:56.625pt;height:16.75pt;mso-wrap-style:none' filled="f" stroked="f">
   <v:textbox style='mso-rotate-with-shape:t;mso-fit-shape-to-text:t' inset="0,0,0,0"/>
  </v:rect><v:rect id="_x0000_s4104" style='position:absolute;left:520.75pt;
   top:363pt;width:61.375pt;height:14.875pt' filled="f" strokecolor="#903"
   strokeweight="0"/>
  <v:rect id="_x0000_s4105" style='position:absolute;left:520.75pt;top:369pt;
   width:61.375pt;height:8.875pt' filled="f" strokecolor="#903" strokeweight="0"/>
 </p:shaperange>
 <p:shaperange id="_x0000_s4106">
  <v:rect id="_x0000_s4106" style='position:absolute;left:273.25pt;top:208.375pt;
   width:181pt;height:35.875pt' filled="f" strokecolor="#903" strokeweight="0"/>
  <v:rect id="_x0000_s4107" style='position:absolute;left:278.5pt;top:212.125pt;
   width:192.125pt;height:16.75pt;mso-wrap-style:none' filled="f" stroked="f">
   <v:textbox style='mso-rotate-with-shape:t;mso-fit-shape-to-text:t' inset="0,0,0,0"/>
  </v:rect></p:shaperange>
 <p:shaperange id="_x0000_s4108">
  <v:rect id="_x0000_s4108" style='position:absolute;left:273.25pt;top:228.5pt;
   width:181pt;height:15.75pt' filled="f" strokecolor="#903" strokeweight="0"/>
  <v:rect id="_x0000_s4109" style='position:absolute;left:273.25pt;top:234.5pt;
   width:181pt;height:9.75pt' filled="f" strokecolor="#903" strokeweight="0"/>
 </p:shaperange>
 <p:shaperange id="_x0000_s4110">
  <v:rect id="_x0000_s4110" style='position:absolute;left:283pt;top:414.5pt;
   width:177.25pt;height:35.875pt' filled="f" strokecolor="#903"
   strokeweight="0"/>
  <v:rect id="_x0000_s4111" style='position:absolute;left:289.75pt;top:418.25pt;
   width:186pt;height:16.75pt;mso-wrap-style:none' filled="f" stroked="f">
   <v:textbox style='mso-rotate-with-shape:t;mso-fit-shape-to-text:t' inset="0,0,0,0"/>
  </v:rect><v:rect id="_x0000_s4112" style='position:absolute;left:283pt;top:435.375pt;
   width:177.25pt;height:15pt' filled="f" strokecolor="#903" strokeweight="0"/>
  <v:rect id="_x0000_s4113" style='position:absolute;left:283pt;top:441.375pt;
   width:177.25pt;height:9pt' filled="f" strokecolor="#903" strokeweight="0"/>
  <v:line id="_x0000_s4114" style='position:absolute;flip:y' from="416.125pt,371.875pt"
   to="520.75pt,414.5pt" strokecolor="#903" strokeweight="0">
   <v:stroke dashstyle="3 1"/>
  </v:line><v:line id="_x0000_s4115" style='position:absolute;flip:x' from="514pt,371.875pt"
   to="520.75pt,378.625pt" strokecolor="#903" strokeweight="0"/>
  <v:line id="_x0000_s4116" style='position:absolute;flip:x' from="511pt,371.875pt"
   to="520.75pt,372pt" strokecolor="#903" strokeweight="0"/>
 </p:shaperange>
 <p:shaperange id="_x0000_s4117">
  <v:rect id="_x0000_s4117" style='position:absolute;left:375pt;top:89.625pt;
   width:69.5pt;height:35.875pt' fillcolor="#ffc" strokecolor="#903"
   strokeweight="0"/>
  <v:rect id="_x0000_s4118" style='position:absolute;left:381.625pt;top:93.375pt;
   width:61.375pt;height:16.75pt;mso-wrap-style:none' filled="f" stroked="f">
   <v:textbox style='mso-rotate-with-shape:t;mso-fit-shape-to-text:t' inset="0,0,0,0"/>
  </v:rect><v:rect id="_x0000_s4119" style='position:absolute;left:375pt;top:110.625pt;
   width:69.5pt;height:14.875pt' filled="f" strokecolor="#903" strokeweight="0"/>
  <v:rect id="_x0000_s4120" style='position:absolute;left:375pt;top:116.5pt;
   width:69.5pt;height:9pt' filled="f" strokecolor="#903" strokeweight="0"/>
 </p:shaperange>
 <p:shaperange id="_x0000_s4121">
  <v:shape id="_x0000_s4121" style='position:absolute;left:480.375pt;top:233.75pt;
   width:60.625pt;height:107.5pt' coordsize="81,144" path="m0,0l81,144,80,132e"
   filled="f" strokecolor="#903" strokeweight="0">
   <v:path arrowok="t"/>
  </v:shape><v:line id="_x0000_s4122" style='position:absolute;flip:x y'
   from="533.5pt,336.125pt" to="541pt,341.25pt" strokecolor="#903"
   strokeweight="0"/>
  <v:line id="_x0000_s4123" style='position:absolute;flip:x y' from="419.875pt,125.5pt"
   to="480.375pt,233.75pt" strokecolor="#903" strokeweight="0"/>
  <v:rect id="_x0000_s4124" style='position:absolute;left:484.875pt;top:319.625pt;
   width:60.125pt;height:16.75pt;mso-wrap-style:none' filled="f" stroked="f">
   <v:textbox style='mso-rotate-with-shape:t;mso-fit-shape-to-text:t' inset="0,0,0,0"/>
  </v:rect><v:rect id="_x0000_s4125" style='position:absolute;left:525.25pt;
   top:200.125pt;width:67.375pt;height:35.875pt' fillcolor="#ffc"
   strokecolor="#903" strokeweight="0"/>
  <v:rect id="_x0000_s4126" style='position:absolute;left:531.25pt;top:204.625pt;
   width:61.125pt;height:16.75pt;mso-wrap-style:none' filled="f" stroked="f">
   <v:textbox style='mso-rotate-with-shape:t;mso-fit-shape-to-text:t' inset="0,0,0,0"/>
  </v:rect><v:rect id="_x0000_s4127" style='position:absolute;left:525.25pt;
   top:221.125pt;width:67.375pt;height:14.875pt' filled="f" strokecolor="#903"
   strokeweight="0"/>
  <v:rect id="_x0000_s4128" style='position:absolute;left:525.25pt;top:227.125pt;
   width:67.375pt;height:8.875pt' filled="f" strokecolor="#903" strokeweight="0"/>
  <v:shape id="_x0000_s4129" style='position:absolute;left:484.125pt;top:162.875pt;
   width:50.875pt;height:37.25pt' coordsize="68,50" path="m0,0l68,50,61,39e"
   filled="f" strokecolor="#903" strokeweight="0">
   <v:path arrowok="t"/>
  </v:shape><v:line id="_x0000_s4130" style='position:absolute;flip:x y'
   from="525.25pt,198pt" to="535pt,200.125pt" strokecolor="#903"
   strokeweight="0"/>
  <v:line id="_x0000_s4131" style='position:absolute;flip:x y' from="434pt,125.5pt"
   to="484.125pt,162.875pt" strokecolor="#903" strokeweight="0"/>
  <v:rect id="_x0000_s4132" style='position:absolute;left:481.875pt;top:170.375pt;
   width:72.5pt;height:16.75pt;mso-wrap-style:none' filled="f" stroked="f">
   <v:textbox style='mso-rotate-with-shape:t;mso-fit-shape-to-text:t' inset="0,0,0,0"/>
  </v:rect><v:line id="_x0000_s4133" style='position:absolute;flip:y' from="454.25pt,219.625pt"
   to="525.25pt,222.625pt" strokecolor="#903" strokeweight="0">
   <v:stroke dashstyle="3 1"/>
  </v:line><v:line id="_x0000_s4134" style='position:absolute;flip:x' from="517pt,219.625pt"
   to="525.25pt,223.375pt" strokecolor="#903" strokeweight="0"/>
  <v:line id="_x0000_s4135" style='position:absolute;flip:x y' from="516.25pt,216.625pt"
   to="525.25pt,219.625pt" strokecolor="#903" strokeweight="0"/>
 </p:shaperange>
 <p:shaperange id="_x0000_s4136">
  <v:line id="_x0000_s4136" style='position:absolute;flip:y' from="381.625pt,236pt"
   to="533.5pt,345.75pt" strokecolor="#903" strokeweight="0">
   <v:stroke dashstyle="3 1"/>
  </v:line><v:line id="_x0000_s4137" style='position:absolute;flip:x' from="529pt,236pt"
   to="533.5pt,244.25pt" strokecolor="#903" strokeweight="0"/>
  <v:line id="_x0000_s4138" style='position:absolute;flip:x' from="524.5pt,236pt"
   to="533.5pt,238.25pt" strokecolor="#903" strokeweight="0"/>
  <v:shape id="_x0000_s4139" style='position:absolute;left:466.875pt;top:172.5pt;
   width:58.375pt;height:29.125pt' coordsize="78,39" path="m0,0l78,39,70,29e"
   filled="f" strokecolor="#903" strokeweight="0">
   <v:path arrowok="t"/>
  </v:shape><v:line id="_x0000_s4140" style='position:absolute;flip:x y'
   from="516.25pt,200.875pt" to="525.25pt,201.625pt" strokecolor="#903"
   strokeweight="0"/>
  <v:shape id="_x0000_s4141" style='position:absolute;left:422.875pt;top:125.5pt;
   width:44pt;height:47pt' coordsize="59,63" path="m59,63l42,54,,0e" filled="f"
   strokecolor="#903" strokeweight="0">
   <v:path arrowok="t"/>
  </v:shape><v:rect id="_x0000_s4142" style='position:absolute;left:468.375pt;
   top:193.5pt;width:64pt;height:16.75pt;mso-wrap-style:none' filled="f"
   stroked="f">
   <v:textbox style='mso-rotate-with-shape:t;mso-fit-shape-to-text:t' inset="0,0,0,0"/>
  </v:rect></p:shaperange>
 <p:shaperange id="_x0000_s4143">
  <v:rect id="_x0000_s4143" style='position:absolute;left:129.625pt;top:189.75pt;
   width:108.5pt;height:50pt' fillcolor="#ffc" strokecolor="#903"
   strokeweight="0"/>
  <v:rect id="_x0000_s4144" style='position:absolute;left:139.375pt;top:193.5pt;
   width:100.75pt;height:16.75pt;mso-wrap-style:none' filled="f" stroked="f">
   <v:textbox style='mso-rotate-with-shape:t;mso-fit-shape-to-text:t' inset="0,0,0,0"/>
  </v:rect><v:rect id="_x0000_s4145" style='position:absolute;left:129.625pt;
   top:210.625pt;width:108.5pt;height:29.125pt' filled="f" strokecolor="#903"
   strokeweight="0"/>
  <v:rect id="_x0000_s4146" style='position:absolute;left:129.625pt;top:216.625pt;
   width:108.5pt;height:23.125pt' filled="f" strokecolor="#903" strokeweight="0"/>
  <v:shape id="_x0000_s4147" style='position:absolute;left:237.375pt;top:156.875pt;
   width:68.75pt;height:32.125pt' coordsize="92,43" path="m92,0l0,43,12,43e"
   filled="f" strokecolor="#903" strokeweight="0">
   <v:path arrowok="t"/>
  </v:shape><v:line id="_x0000_s4148" style='position:absolute;flip:y' from="237.375pt,182.25pt"
   to="243.375pt,189pt" strokecolor="#903" strokeweight="0"/>
  <v:line id="_x0000_s4149" style='position:absolute;flip:y' from="306.125pt,124pt"
   to="375pt,156.875pt" strokecolor="#903" strokeweight="0"/>
  <v:rect id="_x0000_s4150" style='position:absolute;left:210pt;top:156pt;
   width:49.25pt;height:16.75pt;mso-wrap-style:none' filled="f" stroked="f">
   <v:textbox style='mso-rotate-with-shape:t;mso-fit-shape-to-text:t' inset="0,0,0,0"/>
  </v:rect><v:line id="_x0000_s4151" style='position:absolute;flip:x y' from="238.125pt,218.125pt"
   to="273.25pt,220.375pt" strokecolor="#903" strokeweight="0">
   <v:stroke dashstyle="3 1"/>
  </v:line><v:line id="_x0000_s4152" style='position:absolute;flip:y' from="238.125pt,215.125pt"
   to="247.125pt,218.125pt" strokecolor="#903" strokeweight="0"/>
  <v:line id="_x0000_s4153" style='position:absolute' from="238.125pt,218.125pt"
   to="246.375pt,221.875pt" strokecolor="#903" strokeweight="0"/>
  <v:line id="_x0000_s4154" style='position:absolute;flip:x y' from="205.25pt,239.75pt"
   to="356.25pt,414.5pt" strokecolor="#903" strokeweight="0">
   <v:stroke dashstyle="3 1"/>
  </v:line><v:line id="_x0000_s4155" style='position:absolute' from="205.25pt,239.75pt"
   to="213.375pt,243.5pt" strokecolor="#903" strokeweight="0"/>
  <v:line id="_x0000_s4156" style='position:absolute' from="205.25pt,239.75pt"
   to="208.25pt,248.75pt" strokecolor="#903" strokeweight="0"/>
  <v:line id="_x0000_s4157" style='position:absolute;flip:x y' from="212.625pt,239.75pt"
   to="335.375pt,345.75pt" strokecolor="#903" strokeweight="0">
   <v:stroke dashstyle="3 1"/>
  </v:line><v:line id="_x0000_s4158" style='position:absolute' from="212.625pt,239.75pt"
   to="221.625pt,242.75pt" strokecolor="#903" strokeweight="0"/>
  <v:line id="_x0000_s4159" style='position:absolute' from="212.625pt,239.75pt"
   to="217.125pt,248pt" strokecolor="#903" strokeweight="0"/>
  <v:line id="_x0000_s4170" style='position:absolute;flip:x' from="315.875pt,414.5pt"
   to="324.875pt,414.625pt" strokecolor="#903" strokeweight="0"/>
  <v:line id="_x0000_s4177" style='position:absolute;flip:x' from="370.5pt,125.5pt"
   to="402.625pt,207.625pt" strokecolor="#903" strokeweight="0">
   <v:stroke dashstyle="3 1"/>
  </v:line><v:line id="_x0000_s4178" style='position:absolute;flip:y' from="370.5pt,200.875pt"
   to="377.25pt,207.625pt" strokecolor="#903" strokeweight="0"/>
  <v:line id="_x0000_s4179" style='position:absolute;flip:y' from="370.5pt,198.75pt"
   to="370.625pt,207.625pt" strokecolor="#903" strokeweight="0"/>
  <v:shape id="_x0000_s4180" style='position:absolute;left:375.75pt;top:125.5pt;
   width:41.875pt;height:289pt' coordsize="56,387" path="m47,0l56,180,,387e"
   filled="f" strokecolor="#903" strokeweight="0">
   <v:stroke dashstyle="3 1"/>
   <v:path arrowok="t"/>
  </v:shape><v:line id="_x0000_s4181" style='position:absolute;flip:y' from="375.75pt,407pt"
   to="381.625pt,414.5pt" strokecolor="#903" strokeweight="0"/>
  <v:line id="_x0000_s4182" style='position:absolute;flip:x y' from="375pt,404.75pt"
   to="375.75pt,414.5pt" strokecolor="#903" strokeweight="0"/>
  <v:line id="_x0000_s4183" style='position:absolute;flip:x' from="5in,125.5pt"
   to="405.625pt,345.75pt" strokecolor="#903" strokeweight="0">
   <v:stroke dashstyle="3 1"/>
  </v:line><v:line id="_x0000_s4184" style='position:absolute;flip:y' from="5in,337.625pt"
   to="365.25pt,345.75pt" strokecolor="#903" strokeweight="0"/>
  <v:line id="_x0000_s4185" style='position:absolute;flip:x y' from="357.75pt,336.125pt"
   to="5in,345.75pt" strokecolor="#903" strokeweight="0"/>
 </p:shaperange>
</xml>