<xml xmlns:v="urn:schemas-microsoft-com:vml"
 xmlns:o="urn:schemas-microsoft-com:office:office"
 xmlns:p="urn:schemas-microsoft-com:office:powerpoint">
 <o:shapelayout v:ext="edit">
  <o:idmap v:ext="edit" data="5"/>
 </o:shapelayout><p:shaperange id="_x0000_s5122">
  <v:rect id="_x0000_s5122" style='position:absolute;left:282.25pt;top:345.75pt;
   width:148pt;height:35.875pt' filled="f" strokecolor="#903" strokeweight="0"/>
  <v:rect id="_x0000_s5123" style='position:absolute;left:287.5pt;top:349.5pt;
   width:157.375pt;height:16.75pt;mso-wrap-style:none' filled="f" stroked="f">
   <v:textbox style='mso-rotate-with-shape:t;mso-fit-shape-to-text:t' inset="0,0,0,0"/>
  </v:rect><v:rect id="_x0000_s5124" style='position:absolute;left:282.25pt;
   top:366.75pt;width:148pt;height:14.875pt' filled="f" strokecolor="#903"
   strokeweight="0"/>
  <v:rect id="_x0000_s5125" style='position:absolute;left:282.25pt;top:372.625pt;
   width:148pt;height:9pt' filled="f" strokecolor="#903" strokeweight="0"/>
  <v:rect id="_x0000_s5126" style='position:absolute;left:520.75pt;top:342pt;
   width:61.375pt;height:35.875pt' fillcolor="#ffc" strokecolor="#903"
   strokeweight="0"/>
  <v:rect id="_x0000_s5127" style='position:absolute;left:526.75pt;top:345.75pt;
   width:56.625pt;height:16.75pt;mso-wrap-style:none' filled="f" stroked="f">
   <v:textbox style='mso-rotate-with-shape:t;mso-fit-shape-to-text:t' inset="0,0,0,0"/>
  </v:rect><v:rect id="_x0000_s5128" style='position:absolute;left:520.75pt;
   top:363pt;width:61.375pt;height:14.875pt' filled="f" strokecolor="#903"
   strokeweight="0"/>
  <v:rect id="_x0000_s5129" style='position:absolute;left:520.75pt;top:369pt;
   width:61.375pt;height:8.875pt' filled="f" strokecolor="#903" strokeweight="0"/>
 </p:shaperange>
 <p:shaperange id="_x0000_s5130">
  <v:rect id="_x0000_s5130" style='position:absolute;left:273.25pt;top:208.375pt;
   width:181pt;height:35.875pt' filled="f" strokecolor="#903" strokeweight="0"/>
  <v:rect id="_x0000_s5131" style='position:absolute;left:278.5pt;top:212.125pt;
   width:192.125pt;height:16.75pt;mso-wrap-style:none' filled="f" stroked="f">
   <v:textbox style='mso-rotate-with-shape:t;mso-fit-shape-to-text:t' inset="0,0,0,0"/>
  </v:rect></p:shaperange>
 <p:shaperange id="_x0000_s5132">
  <v:rect id="_x0000_s5132" style='position:absolute;left:273.25pt;top:228.5pt;
   width:181pt;height:15.75pt' filled="f" strokecolor="#903" strokeweight="0"/>
  <v:rect id="_x0000_s5133" style='position:absolute;left:273.25pt;top:234.5pt;
   width:181pt;height:9.75pt' filled="f" strokecolor="#903" strokeweight="0"/>
 </p:shaperange>
 <p:shaperange id="_x0000_s5134">
  <v:rect id="_x0000_s5134" style='position:absolute;left:283pt;top:414.5pt;
   width:177.25pt;height:35.875pt' filled="f" strokecolor="#903"
   strokeweight="0"/>
  <v:rect id="_x0000_s5135" style='position:absolute;left:289.75pt;top:418.25pt;
   width:186pt;height:16.75pt;mso-wrap-style:none' filled="f" stroked="f">
   <v:textbox style='mso-rotate-with-shape:t;mso-fit-shape-to-text:t' inset="0,0,0,0"/>
  </v:rect><v:rect id="_x0000_s5136" style='position:absolute;left:283pt;top:435.375pt;
   width:177.25pt;height:15pt' filled="f" strokecolor="#903" strokeweight="0"/>
  <v:rect id="_x0000_s5137" style='position:absolute;left:283pt;top:441.375pt;
   width:177.25pt;height:9pt' filled="f" strokecolor="#903" strokeweight="0"/>
  <v:line id="_x0000_s5138" style='position:absolute;flip:y' from="416.125pt,371.875pt"
   to="520.75pt,414.5pt" strokecolor="#903" strokeweight="0">
   <v:stroke dashstyle="3 1"/>
  </v:line><v:line id="_x0000_s5139" style='position:absolute;flip:x' from="514pt,371.875pt"
   to="520.75pt,378.625pt" strokecolor="#903" strokeweight="0"/>
  <v:line id="_x0000_s5140" style='position:absolute;flip:x' from="511pt,371.875pt"
   to="520.75pt,372pt" strokecolor="#903" strokeweight="0"/>
 </p:shaperange>
 <p:shaperange id="_x0000_s5141">
  <v:rect id="_x0000_s5141" style='position:absolute;left:375pt;top:89.625pt;
   width:69.5pt;height:35.875pt' fillcolor="#ffc" strokecolor="#903"
   strokeweight="0"/>
  <v:rect id="_x0000_s5142" style='position:absolute;left:381.625pt;top:93.375pt;
   width:61.375pt;height:16.75pt;mso-wrap-style:none' filled="f" stroked="f">
   <v:textbox style='mso-rotate-with-shape:t;mso-fit-shape-to-text:t' inset="0,0,0,0"/>
  </v:rect><v:rect id="_x0000_s5143" style='position:absolute;left:375pt;top:110.625pt;
   width:69.5pt;height:14.875pt' filled="f" strokecolor="#903" strokeweight="0"/>
  <v:rect id="_x0000_s5144" style='position:absolute;left:375pt;top:116.5pt;
   width:69.5pt;height:9pt' filled="f" strokecolor="#903" strokeweight="0"/>
 </p:shaperange>
 <p:shaperange id="_x0000_s5145">
  <v:shape id="_x0000_s5145" style='position:absolute;left:480.375pt;top:233.75pt;
   width:60.625pt;height:107.5pt' coordsize="81,144" path="m0,0l81,144,80,132e"
   filled="f" strokecolor="#903" strokeweight="0">
   <v:path arrowok="t"/>
  </v:shape><v:line id="_x0000_s5146" style='position:absolute;flip:x y'
   from="533.5pt,336.125pt" to="541pt,341.25pt" strokecolor="#903"
   strokeweight="0"/>
  <v:line id="_x0000_s5147" style='position:absolute;flip:x y' from="419.875pt,125.5pt"
   to="480.375pt,233.75pt" strokecolor="#903" strokeweight="0"/>
  <v:rect id="_x0000_s5148" style='position:absolute;left:484.875pt;top:319.625pt;
   width:60.125pt;height:16.75pt;mso-wrap-style:none' filled="f" stroked="f">
   <v:textbox style='mso-rotate-with-shape:t;mso-fit-shape-to-text:t' inset="0,0,0,0"/>
  </v:rect><v:rect id="_x0000_s5149" style='position:absolute;left:525.25pt;
   top:200.125pt;width:67.375pt;height:35.875pt' fillcolor="#ffc"
   strokecolor="#903" strokeweight="0"/>
  <v:rect id="_x0000_s5150" style='position:absolute;left:531.25pt;top:204.625pt;
   width:61.125pt;height:16.75pt;mso-wrap-style:none' filled="f" stroked="f">
   <v:textbox style='mso-rotate-with-shape:t;mso-fit-shape-to-text:t' inset="0,0,0,0"/>
  </v:rect><v:rect id="_x0000_s5151" style='position:absolute;left:525.25pt;
   top:221.125pt;width:67.375pt;height:14.875pt' filled="f" strokecolor="#903"
   strokeweight="0"/>
  <v:rect id="_x0000_s5152" style='position:absolute;left:525.25pt;top:227.125pt;
   width:67.375pt;height:8.875pt' filled="f" strokecolor="#903" strokeweight="0"/>
  <v:shape id="_x0000_s5153" style='position:absolute;left:484.125pt;top:162.875pt;
   width:50.875pt;height:37.25pt' coordsize="68,50" path="m0,0l68,50,61,39e"
   filled="f" strokecolor="#903" strokeweight="0">
   <v:path arrowok="t"/>
  </v:shape><v:line id="_x0000_s5154" style='position:absolute;flip:x y'
   from="525.25pt,198pt" to="535pt,200.125pt" strokecolor="#903"
   strokeweight="0"/>
  <v:line id="_x0000_s5155" style='position:absolute;flip:x y' from="434pt,125.5pt"
   to="484.125pt,162.875pt" strokecolor="#903" strokeweight="0"/>
  <v:rect id="_x0000_s5156" style='position:absolute;left:481.875pt;top:170.375pt;
   width:72.5pt;height:16.75pt;mso-wrap-style:none' filled="f" stroked="f">
   <v:textbox style='mso-rotate-with-shape:t;mso-fit-shape-to-text:t' inset="0,0,0,0"/>
  </v:rect><v:line id="_x0000_s5157" style='position:absolute;flip:y' from="454.25pt,219.625pt"
   to="525.25pt,222.625pt" strokecolor="#903" strokeweight="0">
   <v:stroke dashstyle="3 1"/>
  </v:line><v:line id="_x0000_s5158" style='position:absolute;flip:x' from="517pt,219.625pt"
   to="525.25pt,223.375pt" strokecolor="#903" strokeweight="0"/>
  <v:line id="_x0000_s5159" style='position:absolute;flip:x y' from="516.25pt,216.625pt"
   to="525.25pt,219.625pt" strokecolor="#903" strokeweight="0"/>
 </p:shaperange>
 <p:shaperange id="_x0000_s5160">
  <v:line id="_x0000_s5160" style='position:absolute;flip:y' from="381.625pt,236pt"
   to="533.5pt,345.75pt" strokecolor="#903" strokeweight="0">
   <v:stroke dashstyle="3 1"/>
  </v:line><v:line id="_x0000_s5161" style='position:absolute;flip:x' from="529pt,236pt"
   to="533.5pt,244.25pt" strokecolor="#903" strokeweight="0"/>
  <v:line id="_x0000_s5162" style='position:absolute;flip:x' from="524.5pt,236pt"
   to="533.5pt,238.25pt" strokecolor="#903" strokeweight="0"/>
  <v:shape id="_x0000_s5163" style='position:absolute;left:466.875pt;top:172.5pt;
   width:58.375pt;height:29.125pt' coordsize="78,39" path="m0,0l78,39,70,29e"
   filled="f" strokecolor="#903" strokeweight="0">
   <v:path arrowok="t"/>
  </v:shape><v:line id="_x0000_s5164" style='position:absolute;flip:x y'
   from="516.25pt,200.875pt" to="525.25pt,201.625pt" strokecolor="#903"
   strokeweight="0"/>
  <v:shape id="_x0000_s5165" style='position:absolute;left:422.875pt;top:125.5pt;
   width:44pt;height:47pt' coordsize="59,63" path="m59,63l42,54,,0e" filled="f"
   strokecolor="#903" strokeweight="0">
   <v:path arrowok="t"/>
  </v:shape><v:rect id="_x0000_s5166" style='position:absolute;left:468.375pt;
   top:193.5pt;width:64pt;height:16.75pt;mso-wrap-style:none' filled="f"
   stroked="f">
   <v:textbox style='mso-rotate-with-shape:t;mso-fit-shape-to-text:t' inset="0,0,0,0"/>
  </v:rect></p:shaperange>
 <p:shaperange id="_x0000_s5167">
  <v:rect id="_x0000_s5167" style='position:absolute;left:129.625pt;top:189.75pt;
   width:108.5pt;height:50pt' fillcolor="#ffc" strokecolor="#903"
   strokeweight="0"/>
  <v:rect id="_x0000_s5168" style='position:absolute;left:139.375pt;top:193.5pt;
   width:100.75pt;height:16.75pt;mso-wrap-style:none' filled="f" stroked="f">
   <v:textbox style='mso-rotate-with-shape:t;mso-fit-shape-to-text:t' inset="0,0,0,0"/>
  </v:rect><v:rect id="_x0000_s5169" style='position:absolute;left:129.625pt;
   top:210.625pt;width:108.5pt;height:29.125pt' filled="f" strokecolor="#903"
   strokeweight="0"/>
  <v:rect id="_x0000_s5170" style='position:absolute;left:129.625pt;top:216.625pt;
   width:108.5pt;height:23.125pt' filled="f" strokecolor="#903" strokeweight="0"/>
  <v:shape id="_x0000_s5171" style='position:absolute;left:237.375pt;top:156.875pt;
   width:68.75pt;height:32.125pt' coordsize="92,43" path="m92,0l0,43,12,43e"
   filled="f" strokecolor="#903" strokeweight="0">
   <v:path arrowok="t"/>
  </v:shape><v:line id="_x0000_s5172" style='position:absolute;flip:y' from="237.375pt,182.25pt"
   to="243.375pt,189pt" strokecolor="#903" strokeweight="0"/>
  <v:line id="_x0000_s5173" style='position:absolute;flip:y' from="306.125pt,124pt"
   to="375pt,156.875pt" strokecolor="#903" strokeweight="0"/>
  <v:rect id="_x0000_s5174" style='position:absolute;left:210pt;top:156pt;
   width:49.25pt;height:16.75pt;mso-wrap-style:none' filled="f" stroked="f">
   <v:textbox style='mso-rotate-with-shape:t;mso-fit-shape-to-text:t' inset="0,0,0,0"/>
  </v:rect><v:line id="_x0000_s5175" style='position:absolute;flip:x y' from="238.125pt,218.125pt"
   to="273.25pt,220.375pt" strokecolor="#903" strokeweight="0">
   <v:stroke dashstyle="3 1"/>
  </v:line><v:line id="_x0000_s5176" style='position:absolute;flip:y' from="238.125pt,215.125pt"
   to="247.125pt,218.125pt" strokecolor="#903" strokeweight="0"/>
  <v:line id="_x0000_s5177" style='position:absolute' from="238.125pt,218.125pt"
   to="246.375pt,221.875pt" strokecolor="#903" strokeweight="0"/>
  <v:line id="_x0000_s5178" style='position:absolute;flip:x y' from="205.25pt,239.75pt"
   to="356.25pt,414.5pt" strokecolor="#903" strokeweight="0">
   <v:stroke dashstyle="3 1"/>
  </v:line><v:line id="_x0000_s5179" style='position:absolute' from="205.25pt,239.75pt"
   to="213.375pt,243.5pt" strokecolor="#903" strokeweight="0"/>
  <v:line id="_x0000_s5180" style='position:absolute' from="205.25pt,239.75pt"
   to="208.25pt,248.75pt" strokecolor="#903" strokeweight="0"/>
  <v:line id="_x0000_s5181" style='position:absolute;flip:x y' from="212.625pt,239.75pt"
   to="335.375pt,345.75pt" strokecolor="#903" strokeweight="0">
   <v:stroke dashstyle="3 1"/>
  </v:line><v:line id="_x0000_s5182" style='position:absolute' from="212.625pt,239.75pt"
   to="221.625pt,242.75pt" strokecolor="#903" strokeweight="0"/>
  <v:line id="_x0000_s5183" style='position:absolute' from="212.625pt,239.75pt"
   to="217.125pt,248pt" strokecolor="#903" strokeweight="0"/>
  <v:rect id="_x0000_s5184" style='position:absolute;left:159.625pt;top:342pt;
   width:48.625pt;height:35.875pt' fillcolor="#ffc" strokecolor="#903"
   strokeweight="0"/>
  <v:rect id="_x0000_s5185" style='position:absolute;left:164.875pt;top:345.75pt;
   width:43.5pt;height:16.75pt;mso-wrap-style:none' filled="f" stroked="f">
   <v:textbox style='mso-rotate-with-shape:t;mso-fit-shape-to-text:t' inset="0,0,0,0"/>
  </v:rect><v:rect id="_x0000_s5186" style='position:absolute;left:159.625pt;
   top:363pt;width:48.625pt;height:14.875pt' filled="f" strokecolor="#903"
   strokeweight="0"/>
  <v:rect id="_x0000_s5187" style='position:absolute;left:159.625pt;top:369pt;
   width:48.625pt;height:8.875pt' filled="f" strokecolor="#903" strokeweight="0"/>
  <v:shape id="_x0000_s5188" style='position:absolute;left:184.25pt;top:290.5pt;
   width:3pt;height:50.75pt' coordsize="4,68" path="m0,0l0,68,4,57e" filled="f"
   strokecolor="#903" strokeweight="0">
   <v:path arrowok="t"/>
  </v:shape><v:line id="_x0000_s5189" style='position:absolute;flip:x y'
   from="180.5pt,333.125pt" to="184.25pt,341.25pt" strokecolor="#903"
   strokeweight="0"/>
  <v:line id="_x0000_s5190" style='position:absolute;flip:y' from="184.25pt,239.75pt"
   to="184.375pt,290.5pt" strokecolor="#903" strokeweight="0"/>
  <v:rect id="_x0000_s5191" style='position:absolute;left:158.875pt;top:326.375pt;
   width:36.75pt;height:16.75pt;mso-wrap-style:none' filled="f" stroked="f">
   <v:textbox style='mso-rotate-with-shape:t;mso-fit-shape-to-text:t' inset="0,0,0,0"/>
  </v:rect><v:line id="_x0000_s5194" style='position:absolute;flip:x' from="315.875pt,414.5pt"
   to="324.875pt,414.625pt" strokecolor="#903" strokeweight="0"/>
  <v:line id="_x0000_s5201" style='position:absolute;flip:x' from="370.5pt,125.5pt"
   to="402.625pt,207.625pt" strokecolor="#903" strokeweight="0">
   <v:stroke dashstyle="3 1"/>
  </v:line><v:line id="_x0000_s5202" style='position:absolute;flip:y' from="370.5pt,200.875pt"
   to="377.25pt,207.625pt" strokecolor="#903" strokeweight="0"/>
  <v:line id="_x0000_s5203" style='position:absolute;flip:y' from="370.5pt,198.75pt"
   to="370.625pt,207.625pt" strokecolor="#903" strokeweight="0"/>
  <v:shape id="_x0000_s5204" style='position:absolute;left:375.75pt;top:125.5pt;
   width:41.875pt;height:289pt' coordsize="56,387" path="m47,0l56,180,,387e"
   filled="f" strokecolor="#903" strokeweight="0">
   <v:stroke dashstyle="3 1"/>
   <v:path arrowok="t"/>
  </v:shape><v:line id="_x0000_s5205" style='position:absolute;flip:y' from="375.75pt,407pt"
   to="381.625pt,414.5pt" strokecolor="#903" strokeweight="0"/>
  <v:line id="_x0000_s5206" style='position:absolute;flip:x y' from="375pt,404.75pt"
   to="375.75pt,414.5pt" strokecolor="#903" strokeweight="0"/>
  <v:line id="_x0000_s5207" style='position:absolute;flip:x' from="5in,125.5pt"
   to="405.625pt,345.75pt" strokecolor="#903" strokeweight="0">
   <v:stroke dashstyle="3 1"/>
  </v:line><v:line id="_x0000_s5208" style='position:absolute;flip:y' from="5in,337.625pt"
   to="365.25pt,345.75pt" strokecolor="#903" strokeweight="0"/>
  <v:line id="_x0000_s5209" style='position:absolute;flip:x y' from="357.75pt,336.125pt"
   to="5in,345.75pt" strokecolor="#903" strokeweight="0"/>
 </p:shaperange>
</xml>